"simulation_id","sample_size","Candidate_A_support","Candidate_B_support","total_support","pollster"
1,2595,0.518150473643429,0.481849526356571,1.01102943356715,"J.L. Partners"
2,920,0.504199198914719,0.495800801085281,1.03675549787508,"P2 Insights"
3,2166,0.570224806888459,0.429775193111541,1.04119223570266,"Capitol Weekly"
4,2665,0.509371851021356,0.490628148978644,0.835017890164913,"Peak Insights"
5,1731,0.540334920808484,0.459665079191516,1.11485116584358,"YouGov"
6,511,0.500357983990162,0.499642016009838,1.05828076134013,"Mason-Dixon"
7,2062,0.507691230522465,0.492308769477535,1.05805667712763,"Ipsos"
8,1598,0.524775934496733,0.475224065503267,0.905068799629121,"Patriot Polling"
9,2289,0.486727528759986,0.513272471240014,1.00825402524141,"USC Dornsife/CSU Long Beach/Cal Poly Pomona"
10,984,0.508606278478005,0.491393721521995,0.966509181130154,"Harris Poll"
11,1218,0.536007567591927,0.463992432408073,0.958770764506433,"Elon U."
12,1083,0.527603220600252,0.472396779399748,1.1209402342576,"Let's Preserve the American Dream"
13,1063,0.548088314203574,0.451911685796426,0.955306465462925,"Roanoke College"
14,2023,0.530403408772267,0.469596591227733,0.917298823113467,"U. Houston"
15,2761,0.519145772508181,0.480854227491819,1.00685624543414,"DHM Research"
16,1748,0.527708420234315,0.472291579765685,1.1432232791089,"University of Delaware"
17,755,0.54607593235545,0.45392406764455,0.984428482690867,"University of Delaware"
18,2791,0.556995693287292,0.443004306712708,0.987473470031892,"SoCal Strategies"
19,1848,0.447717189699046,0.552282810300954,0.950762804330739,"OH Predictive Insights / MBQF"
20,2327,0.602524887073115,0.397475112926885,0.934199575929993,"Capitol Weekly"
21,2569,0.508296899918625,0.491703100081375,1.03020708003555,"SoCal Research"
22,2688,0.510537260374732,0.489462739625268,1.07729268555256,"Gateway Political Strategies"
23,656,0.571549879976071,0.428450120023929,1.05993399573992,"Lord Ashcroft Polls"
24,1211,0.520668636322299,0.479331363677701,1.00277199185705,"Global Strategy Group/North Star Opinion Research"
25,2870,0.542451864902109,0.457548135097891,0.944010406955544,"Fabrizio/GBAO"
26,1733,0.509448060547196,0.490551939452804,0.994487330616014,"The Washington Post"
27,1555,0.479159486745643,0.520840513254357,1.0234815084424,"Trafalgar Group"
28,748,0.593619512056984,0.406380487943016,0.912351958646192,"Fabrizio/McLaughlin"
29,2069,0.463126229670145,0.536873770329855,1.12250317275198,"U. Georgia SPIA"
30,2717,0.537946972695024,0.462053027304976,1.02575261587135,"Roanoke College"
31,1097,0.464018803446988,0.535981196553012,1.00369285991451,"Cygnal"
32,2653,0.474581831493687,0.525418168506313,1.02542697303414,"Targoz Market Research"
33,1043,0.498824452494614,0.501175547505386,0.980242386583869,"Fabrizio/McLaughlin"
34,1296,0.463096120560938,0.536903879439062,1.00203939600518,"University of Massachusetts Lowell/YouGov"
35,1624,0.468185093091046,0.531814906908954,1.02160942926093,"EPIC/MRA"
36,1161,0.534526171499946,0.465473828500054,0.937426435169679,"National Public Affairs"
37,2806,0.553819869463587,0.446180130536413,1.04765860813446,"AtlasIntel"
38,2528,0.525060958515796,0.474939041484204,1.09569435708366,"HarrisX/Harris Poll"
39,680,0.564470913422744,0.435529086577256,0.906436748144242,"The Citadel"
40,1196,0.5703512750695,0.4296487249305,0.965109398695007,"Chism Strategies"
41,2900,0.582258935046959,0.417741064953041,0.856354386979502,"Slingshot Strategies"
42,1200,0.583804942142772,0.416195057857228,0.930685231470949,"Glengariff Group Inc."
43,1239,0.520785830501119,0.479214169498881,0.793547782528333,"J.L. Partners"
44,2424,0.486765006753689,0.513234993246311,0.924756018824622,"ARW Strategies"
45,1550,0.582715993943884,0.417284006056116,1.10829625658046,"Premise"
46,2285,0.538910391517807,0.461089608482193,0.977468360867738,"co/efficient"
47,2007,0.519184378181296,0.480815621818704,1.22497945655444,"TIPP"
48,858,0.509881411606795,0.490118588393205,1.02118092314929,"RABA Research"
49,926,0.599431252348425,0.400568747651575,0.933025645282878,"Big Village"
50,1624,0.506362391446571,0.493637608553429,1.04262318079997,"Trafalgar Group"
51,1570,0.549433922442773,0.450566077557227,0.894006566091013,"Cor Services, Inc."
52,2251,0.486635762645699,0.513364237354301,1.0838642192317,"McLaughlin"
53,1294,0.473192737847935,0.526807262152065,0.886445844545149,"Fabrizio/David Binder Research"
54,888,0.522130589834072,0.477869410165928,0.937817354090759,"Spry Strategies"
55,1132,0.461618334072665,0.538381665927335,1.00490130992061,"Meredith College"
56,1873,0.459884837135143,0.540115162864857,1.11425009299712,"SoCal Research"
57,2098,0.498160850266941,0.501839149733059,0.919417894310233,"National Research"
58,2156,0.562715076411628,0.437284923588372,1.00718330413064,"Tulchin Research"
59,1315,0.484560320057753,0.515439679942247,0.943825253735406,"NewsNation/Decision Desk HQ"
60,1315,0.600141754183098,0.399858245816902,0.987876224872065,"Abacus Data"
61,912,0.466294622179409,0.533705377820591,0.999652278844063,"HarrisX"
62,628,0.582195696957026,0.417804303042974,0.92528136538539,"co/efficient"
63,521,0.510694320730957,0.489305679269043,0.950466273302787,"DHM Research"
64,516,0.566621143449963,0.433378856550037,0.991273606292963,"Gateway Political Strategies"
65,2179,0.509783425960227,0.490216574039773,0.984415874996402,"Florida Atlantic University/Mainstreet Research"
66,1342,0.460740135678161,0.539259864321839,1.15737309380373,"Research Co."
67,1344,0.522142272152358,0.477857727847642,1.0680226747693,"Siena/NYT"
68,1098,0.574749819234632,0.425250180765368,0.983611242196599,"North Star Opinion Research"
69,2719,0.509629366552826,0.490370633447174,0.975082910576859,"Meredith College"
70,2716,0.492810047018065,0.507189952981935,0.935275041948718,"Research Co."
71,1832,0.578558827697035,0.421441172302965,0.916738380771677,"PRRI"
72,2561,0.48386554799089,0.51613445200911,1.02267812876489,"Benenson Strategy Group/GS Strategy Group"
73,2821,0.525292415752929,0.474707584247071,0.98688841367814,"Quantus Polls and News"
74,2205,0.444659980311421,0.555340019688579,1.04977228170391,"National Public Affairs"
75,2127,0.486951344714664,0.513048655285336,1.04888906700101,"Meredith College"
76,1801,0.500593379145745,0.499406620854255,0.998493511656701,"Outward Intelligence"
77,2384,0.550013739170938,0.449986260829062,0.896948410486669,"U. Georgia SPIA"
78,1386,0.516479656733319,0.483520343266681,0.978265230427854,"Virginia Commonwealth U."
79,2670,0.492739157339121,0.507260842660879,1.01789742574702,"National Research"
80,705,0.58639889252793,0.41360110747207,1.01220741584256,"Selzer"
81,931,0.47422515612239,0.52577484387761,0.963267883901107,"Fairleigh Dickinson"
82,2102,0.519643834841226,0.480356165158774,0.945958358404427,"Torchlight Strategies"
83,2742,0.596267021700657,0.403732978299343,1.07245002202268,"Quantus Insights"
84,1816,0.529216902462954,0.470783097537046,0.847438529790272,"BK Strategies"
85,2994,0.478574894646027,0.521425105353973,0.958626270959441,"Bendixen & Amandi International"
86,901,0.558799877231116,0.441200122768884,0.97850270703977,"DHM Research"
87,2622,0.45149974429552,0.54850025570448,1.08947226220589,"U. Georgia SPIA"
88,2716,0.498941509521859,0.501058490478141,1.04354797210812,"University of Delaware"
89,2383,0.593481361931596,0.406518638068404,1.15714083108271,"Remington"
90,2047,0.517881955057986,0.482118044942014,0.97549594179088,"Florida Atlantic University"
91,2678,0.495723183312407,0.504276816687593,1.01810063984907,"Hart/POS"
92,2468,0.561650879222591,0.438349120777409,1.04983359309684,"McCourtney Institute/YouGov"
93,2741,0.544668413708757,0.455331586291243,1.01590127968755,"GQR"
94,1172,0.512277889086796,0.487722110913204,1.08253260946333,"Target Insyght"
95,1276,0.628468661787007,0.371531338212993,1.05287409250509,"Capitol Weekly"
96,1772,0.491327134127426,0.508672865872574,1.16714747060525,"Hendrix College"
97,2707,0.524858530847087,0.475141469152913,0.913081492362107,"Benenson"
98,2411,0.443637857262675,0.556362142737325,1.06863574531727,"1892 Polling"
99,1916,0.486591278933373,0.513408721066627,0.988912983936146,"OH Predictive Insights / MBQF"
100,809,0.614522518090155,0.385477481909845,0.93756328763707,"Big Data Poll"
101,1096,0.532402613016862,0.467597386983138,0.999748349075232,"HarrisX"
102,2707,0.487612780296682,0.512387219703318,1.02705214163273,"Ohio Northern University Institute for Civics and Public Policy"
103,2693,0.558223970850724,0.441776029149276,1.05254899016062,"St. Pete Polls"
104,2186,0.475807897889188,0.524192102110812,1.02911322313659,"Global Strategy Group/North Star Opinion Research"
105,1811,0.58112444151578,0.41887555848422,1.11278865479269,"Research & Polling"
106,1088,0.522491891509191,0.477508108490809,1.10706358803277,"Split Ticket"
107,1961,0.49923068887873,0.50076931112127,1.01778420002468,"Christopher Newport U."
108,1838,0.493705207103239,0.506294792896761,1.01555582508763,"GQR"
109,857,0.554709155032931,0.445290844967069,0.930539797284572,"Z to A Research"
110,940,0.540797374977696,0.459202625022304,0.929246621528663,"WPAi"
111,1478,0.461702204080044,0.538297795919956,0.874484679000864,"PPIC"
112,2017,0.530310121793132,0.469689878206868,1.08390336786403,"Arc Insights"
113,1494,0.49499894750969,0.50500105249031,0.999233178975362,"Ohio Northern University Institute for Civics and Public Policy"
114,1628,0.4373385959074,0.5626614040926,0.885433247173793,"1892 Polling"
115,875,0.57293243849826,0.42706756150174,1.02600682266593,"Texas Lyceum"
116,1078,0.628466383457229,0.371533616542771,0.959304613402709,"Navigator"
117,2286,0.561171521216929,0.438828478783071,0.952522969048078,"Civiqs"
118,1976,0.49705541372615,0.50294458627385,0.985302448206294,"Quantus Polls and News"
119,754,0.602354320923973,0.397645679076027,0.879790386618257,"Elon U."
120,1098,0.549046933993802,0.450953066006198,1.04917578796444,"McCourtney Institute/YouGov"
121,694,0.550623446985437,0.449376553014563,0.913345866055247,"U. Georgia SPIA"
122,2117,0.481399733983872,0.518600266016128,0.968241167119662,"Elway"
123,2646,0.455433901763036,0.544566098236964,1.03503902846853,"Fabrizio/David Binder Research"
124,2695,0.579810356577661,0.420189643422339,1.03018727519811,"Cor Strategies"
125,1851,0.476634728139356,0.523365271860644,1.12309517556219,"Digital Research"
126,2225,0.485542146380216,0.514457853619784,0.968854814959625,"P2 Insights"
127,2098,0.529779981985704,0.470220018014296,0.980632374923423,"Gateway Political Strategies"
128,1182,0.586582745413176,0.413417254586824,0.963727143797368,"MRG (Marketing Resource Group)"
129,1347,0.547436088080549,0.452563911919451,1.04242672491983,"Schoen Cooperman"
130,2599,0.515218340092844,0.484781659907156,0.947919937140719,"Outward Intelligence"
131,1910,0.506198787794133,0.493801212205867,0.959884576202697,"HarrisX"
132,1833,0.564493932989532,0.435506067010468,0.901279053178832,"UC Berkeley"
133,1420,0.551643580292208,0.448356419707792,0.83358818190904,"Quantus Insights"
134,1696,0.545038514221108,0.454961485778892,1.15229073967592,"Kaiser Family Foundation"
135,1420,0.589496458672607,0.410503541327393,1.00388343576387,"Lake Research"
136,1738,0.496825026795415,0.503174973204585,0.986292028817096,"U. Houston"
137,2855,0.514331835147696,0.485668164852304,1.04816878225016,"Tarrance"
138,1839,0.56299631419823,0.43700368580177,1.03098374893864,"Big Data Poll"
139,2893,0.520427034310364,0.479572965689636,1.02684213686147,"Bendixen & Amandi International"
140,1390,0.546939420640495,0.453060579359505,0.98693423831311,"HarrisX/Harris Poll"
141,1639,0.538915602506822,0.461084397493178,0.956891899487062,"Data Viewpoint"
142,1169,0.577984762763546,0.422015237236454,0.969653110437917,"Big Village"
143,2263,0.527952630444589,0.472047369555411,1.07294355373846,"Faucheux Strategies"
144,1254,0.527949775234517,0.472050224765483,1.02155964083252,"YouGov/Center for Working Class Politics"
145,955,0.451126601937955,0.548873398062045,1.07182287135555,"HighGround"
146,2580,0.52056399587253,0.47943600412747,1.00633232066341,"Hoffman Research"
147,2819,0.479474883985349,0.520525116014651,0.90762055400383,"Harris Poll"
148,2678,0.53359959290109,0.46640040709891,1.1144446317672,"Kaplan Strategies"
149,502,0.485490937593279,0.514509062406721,1.04934979022822,"YouGov Blue"
150,1520,0.544126493547021,0.455873506452979,1.06303356525095,"Tulchin Research"
151,1012,0.49069145439945,0.50930854560055,0.922928219726338,"Schoen Cooperman"
152,2316,0.522845363398764,0.477154636601236,1.14257461169945,"Prime Group"
153,2581,0.498190160247135,0.501809839752865,0.994945816460471,"Cor Strategies"
154,2915,0.51731679842814,0.48268320157186,0.884050484466621,"Kaiser Family Foundation"
155,1180,0.487397477725084,0.512602522274916,1.02065670484559,"OnMessage Inc."
156,2896,0.52162064451733,0.47837935548267,1.08460908216058,"ARW Strategies"
157,1492,0.482189208614203,0.517810791385797,0.883099591678911,"Landmark Communications"
158,2113,0.537008739079156,0.462991260920844,1.0978172625753,"EPIC/MRA"
159,2725,0.497807313307149,0.502192686692851,0.997294427192401,"St. Anselm"
160,1473,0.507502458611065,0.492497541388935,1.02314062346145,"North Star Opinion Research"
161,2203,0.510393888453408,0.489606111546592,1.02224929159555,"Virginia Commonwealth U."
162,659,0.526119399264268,0.473880600735732,0.962643439380337,"University of Massachusetts Lowell/YouGov"
163,912,0.510976663815384,0.489023336184616,1.07688808677872,"University of Maryland/Washington Post"
164,1941,0.540311894085889,0.459688105914111,0.985312966960739,"Fabrizio/David Binder Research"
165,1092,0.473094313805506,0.526905686194494,1.14987924589934,"Research & Polling"
166,1911,0.50358074263662,0.49641925736338,0.919815938660954,"Fabrizio/David Binder Research"
167,1682,0.459696501634034,0.540303498365966,0.993185701997507,"Fabrizio/GBAO"
168,2620,0.556945401844987,0.443054598155013,0.979497133582548,"U. Georgia SPIA"
169,1514,0.515613653683368,0.484386346316632,1.04537762849547,"Fabrizio/GBAO"
170,1699,0.539624145353122,0.460375854646878,0.99802060871792,"YouGov/Center for Working Class Politics"
171,2845,0.536106391145692,0.463893608854308,0.795841380642797,"Selzer"
172,798,0.472252282317347,0.527747717682653,1.12598064043904,"OH Predictive Insights / MBQF"
173,1253,0.574510407918995,0.425489592081005,1.01041346158383,"Meredith College"
174,874,0.543672970738838,0.456327029261162,1.0083296084365,"GS Strategy Group"
175,2251,0.535709920221467,0.464290079778533,1.02546774033889,"SurveyUSA/High Point University"
176,1182,0.503113708946954,0.496886291053046,0.960821790015215,"RMG Research"
177,1394,0.475398654742916,0.524601345257084,0.929169753502814,"NewsNation/Decision Desk HQ"
178,2255,0.598155055841424,0.401844944158576,1.01334881077544,"KAConsulting LLC"
179,866,0.467148639555974,0.532851360444026,0.981215777401838,"McLaughlin"
180,558,0.548228192147869,0.451771807852131,1.07909231908034,"Faucheux Strategies"
181,2238,0.500095844805156,0.499904155194844,1.01777451781961,"UMass Amherst/YouGov"
182,559,0.48002139193982,0.51997860806018,1.04509243154938,"Franklin and Marshall College"
183,2030,0.586499518988909,0.413500481011091,0.985650938786485,"Leger"
184,1792,0.500227110219123,0.499772889780877,0.987768062592014,"UMBC"
185,809,0.530807451289846,0.469192548710154,1.01443771428699,"Hunt Research"
186,2898,0.535096711556947,0.464903288443053,1.0286873053963,"Fabrizio/GBAO"
187,2662,0.469398954574084,0.530601045425916,0.955562062865592,"1892 Polling"
188,2333,0.541494280595868,0.458505719404132,0.924475686325664,"Clarity"
189,2222,0.510746489497589,0.489253510502411,1.12926891302292,"Big Village"
190,2832,0.522596046806366,0.477403953193634,1.00378930381934,"Project Home Fire"
191,1669,0.547178642098251,0.452821357901749,0.964275473874058,"Fabrizio/McLaughlin"
192,2941,0.563937454069005,0.436062545930995,0.941239181083171,"Roanoke College"
193,879,0.555428572407646,0.444571427592354,1.0943980882183,"Kaiser Family Foundation"
194,1372,0.532403491898259,0.467596508101741,0.971305259854026,"Mitchell"
195,1042,0.506652172290053,0.493347827709947,0.998904629135998,"Split Ticket"
196,725,0.515368583372458,0.484631416627542,0.976231802330629,"University of Massachusetts Lowell/YouGov"
197,2500,0.569096290996932,0.430903709003068,0.991919906125517,"Navigator"
198,558,0.5073187693939,0.4926812306061,1.07564284683775,"Cherry Communications"
199,823,0.473033584017647,0.526966415982353,1.01390701594799,"The Political Matrix/The Listener Group"
200,1271,0.489026904013157,0.510973095986843,1.14228498910744,"Murphy Nasica & Associates"
201,783,0.486187104515316,0.513812895484684,1.13976518020497,"Bendixen & Amandi International"
202,2911,0.529658991275654,0.470341008724346,0.926553750550369,"Patriot Polling"
203,1831,0.507097223388659,0.492902776611341,1.14043040424792,"PEM Management Corporation"
204,2628,0.400049696810363,0.599950303189637,1.10903227944948,"Bullfinch"
205,2722,0.553941554391465,0.446058445608535,0.896304198314028,"McCourtney Institute/YouGov"
206,1100,0.50525657114487,0.49474342885513,1.14293065446151,"McCourtney Institute/YouGov"
207,1849,0.478999918211255,0.521000081788745,0.970908371326413,"Suffolk"
208,2053,0.501921825547169,0.498078174452831,1.13830088131366,"Siena/NYT"
209,2465,0.605557944953812,0.394442055046188,0.950759268277751,"YouGov/SNF Agora"
210,956,0.517282809216227,0.482717190783773,1.06468073968842,"Civiqs"
211,2062,0.57500398397338,0.42499601602662,1.04722990443758,"Fabrizio/McLaughlin"
212,2842,0.510107786850489,0.489892213149511,1.00050270314089,"YouGov/SNF Agora"
213,1593,0.496075974764358,0.503924025235642,0.967245672123499,"Target Insyght"
214,1035,0.49647380532458,0.50352619467542,1.0693057734903,"Beacon/Shaw"
215,2634,0.502068602452164,0.497931397547836,0.988712558971368,"HighGround"
216,841,0.539734145996975,0.460265854003025,1.05774280945665,"U. New Hampshire"
217,2093,0.496520537117472,0.503479462882528,1.01722398566284,"ARW Strategies"
218,2549,0.511115231071318,0.488884768928682,0.962628188388149,"U. North Florida"
219,1426,0.509029710042551,0.490970289957449,0.983988532131387,"Morning Consult"
220,2838,0.59897868605094,0.40102131394906,0.951435912979043,"Selzer"
221,2467,0.518666953935512,0.481333046064488,1.15971736382275,"Roanoke College"
222,1861,0.528389500436177,0.471610499563823,1.03475778018642,"Z to A Research"
223,2133,0.536133269939986,0.463866730060014,1.05088381916052,"Z to A Research"
224,961,0.589596670729966,0.410403329270034,1.04728494336466,"Landmark Communications"
225,822,0.553222054144584,0.446777945855416,0.981880493494636,"HighGround"
226,593,0.502845227400944,0.497154772599056,0.924931131257619,"Gravis Marketing (post 2020)"
227,960,0.49057510865218,0.50942489134782,0.91600250724341,"The Washington Post"
228,2111,0.494264358362311,0.505735641637689,0.947004408991427,"ARW Strategies"
229,2575,0.467948374387177,0.532051625612823,0.956387195715576,"Targoz Market Research"
230,1483,0.514808507314044,0.485191492685956,0.988507725574443,"Suffolk"
231,2443,0.539098646670938,0.460901353329062,0.957989577225947,"Civiqs"
232,958,0.536374480233939,0.463625519766061,0.997583435076033,"Susquehanna"
233,1700,0.538403537516265,0.461596462483735,1.0083798036426,"Harris Poll"
234,2416,0.523621805681371,0.476378194318629,0.994452946751401,"Focaldata"
235,2771,0.56623699367292,0.43376300632708,0.956345126721521,"Differentiators"
236,1733,0.547721279779263,0.452278720220737,0.865044361315599,"McCourtney Institute/YouGov"
237,2144,0.525342516466136,0.474657483533864,1.04708338879611,"Research America"
238,1419,0.598196251745366,0.401803748254634,0.93972401786843,"Impact Research"
239,864,0.555161590040289,0.444838409959711,1.03323066927815,"Split Ticket"
240,532,0.499352721563926,0.500647278436074,0.998188784269432,"Morning Consult"
241,819,0.592880328029588,0.407119671970412,0.957089581018463,"Navigator"
242,993,0.532959621985908,0.467040378014092,0.942538438526438,"American Pulse"
243,2115,0.491769460403564,0.508230539596436,1.05184169129996,"National Public Affairs"
244,944,0.532389885491965,0.467610114508035,0.95147884118903,"Keating Research"
245,1929,0.495592447444415,0.504407552555585,1.06472995376092,"U. Georgia SPIA"
246,1765,0.480329322034442,0.519670677965558,1.08534413804508,"GS Strategy Group"
247,2907,0.555358342885168,0.444641657114832,0.898769427776916,"Prime Group"
248,910,0.528887253019877,0.471112746980123,1.08463276802116,"Cherry Communications"
249,2206,0.453745867236389,0.546254132763611,1.13578917024802,"TIPP"
250,710,0.477147300371611,0.522852699628389,1.03092178936628,"P2 Insights"
251,1385,0.568603093313645,0.431396906686355,0.96862291119209,"Tulchin Research"
252,1047,0.513660929176086,0.486339070823914,0.947442154968359,"Patriot Polling"
253,956,0.561822397944523,0.438177602055477,1.00098849070168,"Marist"
254,2470,0.473618267645718,0.526381732354282,1.07471512998969,"Global Strategy Group/North Star Opinion Research"
255,804,0.577804851249575,0.422195148750425,0.960579958692832,"Axis Research"
256,513,0.477382671246338,0.522617328753662,1.11232597825792,"U. Georgia SPIA"
257,2206,0.538871795038058,0.461128204961942,0.961360167009281,"Fleming & Associates"
258,1474,0.501061073428713,0.498938926571287,1.02967811283505,"Wick"
259,1542,0.585545024422566,0.414454975577434,0.902529151029365,"SSRS"
260,1024,0.499634575972631,0.500365424027369,1.06686830474157,"Digital Research"
261,1214,0.516498332298503,0.483501667701497,1.06329625297587,"Benenson"
262,2530,0.564559488600321,0.435440511399679,0.9428205670761,"Cygnal/Aspect Strategic"
263,2739,0.476748280758634,0.523251719241366,0.891434742961408,"UC Berkeley"
264,1085,0.536005808719142,0.463994191280858,1.04207648334544,"Schoen Cooperman"
265,1822,0.538196021564339,0.461803978435661,1.0941065597801,"Fabrizio Ward"
266,2928,0.492437803765089,0.507562196234911,0.925030778703276,"AtlasIntel"
267,1381,0.53884649269226,0.46115350730774,0.986484649875635,"Franklin and Marshall College"
268,2063,0.587846991668334,0.412153008331666,1.05519230253525,"Data for Progress"
269,694,0.524226808839238,0.475773191160762,0.963334003090944,"Cor Strategies"
270,1829,0.52762427376448,0.47237572623552,1.08930499647315,"Impact Research"
271,2386,0.530804128012274,0.469195871987726,0.983744928025189,"Capitol Weekly"
272,575,0.535490518261341,0.464509481738659,1.093250554229,"SSRS"
273,2415,0.531882123888013,0.468117876111987,0.996380394623668,"VoteTXT"
274,1667,0.474915375856495,0.525084624143505,0.978483685901461,"Christopher Newport U."
275,2711,0.555733811816768,0.444266188183232,0.98835928039617,"SurveyMonkey"
276,2541,0.511420152802334,0.488579847197666,1.03975738918833,"U. Massachusetts - Lowell"
277,1454,0.491902055089664,0.508097944910336,0.91857820246409,"Marquette Law School"
278,2070,0.515512259824372,0.484487740175628,1.03313187770116,"Big Village"
279,1367,0.475334144317823,0.524665855682177,0.905140403852706,"Dan Jones"
280,535,0.479260535731845,0.520739464268156,0.972477021546841,"SoCal Research"
281,998,0.49960823232445,0.50039176767555,0.984796301507151,"Virginia Commonwealth U."
282,1073,0.533060950725501,0.466939049274499,1.02400239641244,"Cygnal/Aspect Strategic"
283,1028,0.498219064740907,0.501780935259093,0.998957701835522,"Abacus Data"
284,1768,0.513370190274211,0.486629809725789,1.00410491523209,"Fabrizio Ward"
285,1958,0.531304879029089,0.468695120970911,0.937768554874857,"Fabrizio Ward"
286,1211,0.525925725678369,0.474074274321631,1.09572515228718,"Blueprint Polling"
287,2022,0.587999976678727,0.412000023321273,0.934777563972455,"Fairleigh Dickinson"
288,2294,0.567721407476275,0.432278592523725,1.01222732651749,"SurveyUSA/High Point University"
289,515,0.549728457377361,0.450271542622639,1.08759011673538,"Fairleigh Dickinson"
290,1131,0.527298186878599,0.472701813121401,0.931052883294185,"Probolsky Research"
291,2952,0.562731287986343,0.437268712013657,1.04641260529783,"RMG Research"
292,1580,0.597445319434529,0.402554680565471,1.01352473894945,"Fabrizio/GBAO"
293,2535,0.51792907894575,0.48207092105425,0.943469439647246,"Project Home Fire"
294,2120,0.429888405064636,0.570111594935364,1.04718594937844,"Gonzales Research & Media Services"
295,1369,0.507828098730726,0.492171901269274,1.13532207566315,"Opinion Diagnostics"
296,576,0.532514402305884,0.467485597694116,0.872884367211039,"Pew"
297,739,0.5458435142409,0.4541564857591,0.997973972060281,"Probolsky Research"
298,1267,0.500154154219173,0.499845845780827,1.09467496270095,"Gateway Political Strategies"
299,1064,0.524905169773197,0.475094830226803,1.06573627504789,"Bendixen & Amandi International"
300,2852,0.541175750881361,0.458824249118639,1.09417861953828,"Fabrizio/David Binder Research"
301,1824,0.48645879536981,0.51354120463019,0.987740041168779,"University of Houston/Texas Southern University"
302,505,0.473096837761703,0.526903162238297,1.00792641088218,"Manhattan Institute"
303,1828,0.544382224915766,0.455617775084234,0.963969396515709,"SSRS"
304,1694,0.542133691650869,0.457866308349131,1.10319372269964,"PPIC"
305,2677,0.536933166174811,0.463066833825189,0.951367478212528,"VCreek/AMG"
306,2948,0.475695001612623,0.524304998387377,1.02083492799607,"Focaldata"
307,971,0.477392714459327,0.522607285540673,0.994111327308866,"Strategies 360"
308,1681,0.577743953957104,0.422256046042896,0.963171079849417,"Chism Strategies"
309,1664,0.495704502036807,0.504295497963193,1.15311284204136,"Targoz Market Research"
310,2795,0.551075171871581,0.448924828128419,0.976701064046053,"Embold Research"
311,887,0.446974908539485,0.553025091460515,1.1091925265126,"InsiderAdvantage"
312,1979,0.446157980646543,0.553842019353457,1.00375854590078,"Fabrizio Ward"
313,2222,0.550436375938015,0.449563624061985,0.94711520591952,"John Zogby Strategies"
314,1555,0.531883912178661,0.468116087821339,0.871732193302755,"Fabrizio"
315,1752,0.56925557461216,0.43074442538784,1.06905712748902,"Research & Polling"
316,1679,0.535925645927093,0.464074354072907,1.01678413051558,"USC Dornsife/CSU Long Beach/Cal Poly Pomona"
317,868,0.530095227063054,0.469904772936946,0.986930160302849,"Murphy Nasica & Associates"
318,2462,0.557715911752516,0.442284088247484,0.943872077960786,"Premise"
319,1818,0.455887250760258,0.544112749239742,0.98123795850231,"Focaldata"
320,1681,0.538282477899395,0.461717522100605,0.906147914443774,"Praecones Analytica"
321,623,0.470654295522192,0.529345704477808,0.98875070330237,"1983 Labs"
322,1461,0.540989029797262,0.459010970202738,1.00919329225915,"Emerson"
323,2727,0.543094786274278,0.456905213725722,1.01459247212321,"YouGov/SNF Agora"
324,1001,0.574499569498598,0.425500430501402,0.953286648847839,"Innovative Research Group"
325,2680,0.477608046981373,0.522391953018627,1.00126718999173,"New Bridge Strategy/Aspect Strategic"
326,2634,0.562482675381164,0.437517324618836,1.15298856290443,"DHM Research"
327,2241,0.563015956362568,0.436984043637432,0.96457729181173,"SurveyUSA"
328,1261,0.52640499051733,0.47359500948267,0.811943895688821,"Suffolk"
329,903,0.554219004772422,0.445780995227578,1.14177146912204,"Emerson"
330,696,0.536295582332705,0.463704417667295,1.05061817114774,"Emerson"
331,1939,0.533013430361498,0.466986569638502,1.00296207180022,"SoCal Research"
332,1092,0.50298939987537,0.49701060012463,0.982073432651843,"UMass Amherst/YouGov"
333,1957,0.546118253722709,0.453881746277291,1.13654009788692,"Split Ticket/Data for Progress"
334,2287,0.467265741868459,0.532734258131542,1.07171566607669,"OH Predictive Insights / MBQF"
335,586,0.542744262350414,0.457255737649586,0.976241599738419,"Noble Predictive Insights"
336,837,0.482850048396283,0.517149951603717,1.04610351306348,"U. Georgia SPIA"
337,1658,0.561604479442038,0.438395520557962,0.997344172230933,"Selzer"
338,1791,0.526430874331465,0.473569125668535,1.01025658565937,"Susquehanna"
339,2005,0.488402435411819,0.511597564588181,0.877089628683459,"Marquette Law School"
340,1721,0.546127164104351,0.453872835895649,1.02508829903421,"Washington Post/George Mason University"
341,757,0.467039509907287,0.532960490092713,1.03359660124318,"Siena/NYT"
342,795,0.457157088072623,0.542842911927377,0.985835832307563,"Marist"
343,2260,0.576398910416473,0.423601089583527,1.12251430952229,"Quinnipiac"
344,759,0.524067160670012,0.475932839329988,1.00068807685397,"Meeting Street Insights"
345,2886,0.535926906507282,0.464073093492718,0.892522247590406,"Marist"
346,2650,0.511049475920662,0.488950524079338,1.00813582989436,"Meredith College"
347,2023,0.546231046123679,0.453768953876321,1.02477302548961,"P2 Insights"
348,2852,0.486475324142211,0.513524675857789,1.06151677812425,"PureSpectrum"
349,2296,0.434605991515883,0.565394008484117,0.996059833767176,"Tarrance"
350,1784,0.495393329038257,0.504606670961743,1.07142620686156,"Targoz Market Research"
351,574,0.630604238272754,0.369395761727246,0.875168102849721,"UC Berkeley"
352,1293,0.474957835725752,0.525042164274248,1.01658741940334,"Data Orbital"
353,840,0.559573510936155,0.440426489063845,0.999679639998424,"Kaiser Family Foundation"
354,2728,0.497579788554054,0.502420211445946,0.914358132101933,"Echelon Insights/GBAO"
355,2316,0.507387218964145,0.492612781035855,1.09803854004782,"Virginia Commonwealth U."
356,1763,0.51617787548308,0.48382212451692,1.14079722538992,"Fabrizio/David Binder Research"
357,1393,0.608239115650189,0.391760884349811,0.935122667468964,"Arc Insights"
358,1613,0.497527853840954,0.502472146159046,1.07516960731034,"Beacon/Shaw"
359,2911,0.545475474670873,0.454524525329127,0.937389652236662,"The Washington Post"
360,903,0.526864333193882,0.473135666806118,1.0129329789834,"Susquehanna"
361,2067,0.54105393223122,0.45894606776878,0.987935236394463,"Z to A Research"
362,1754,0.531726245489539,0.468273754510461,1.06640805358922,"Glengariff Group Inc."
363,1704,0.525482010359479,0.474517989640521,0.94333790273291,"Manhattan Institute"
364,1475,0.472853841056239,0.527146158943761,0.986108472759863,"American Pulse"
365,1056,0.545967576314936,0.454032423685064,0.884957868070482,"St. Pete Polls"
366,2736,0.561076908122736,0.438923091877264,1.03946762870859,"Split Ticket"
367,2624,0.492738227759992,0.507261772240008,1.08127695864423,"Probolsky Research"
368,2238,0.480714901940314,0.519285098059686,1.01857988145288,"InsiderAdvantage"
369,2275,0.519208881374768,0.480791118625232,1.18101315435668,"Cygnal/Aspect Strategic"
370,1153,0.542189612961852,0.457810387038148,0.974021244605692,"Ohio Northern University Institute for Civics and Public Policy"
371,1879,0.535126484863455,0.464873515136545,1.00796684888087,"Prime Group"
372,558,0.546682867421173,0.453317132578827,0.946956199287752,"Z to A Research"
373,2487,0.551814830255866,0.448185169744134,0.957229447733957,"YouGov/Center for Working Class Politics"
374,1204,0.47064879224579,0.52935120775421,1.12433234009504,"U. Houston"
375,954,0.496127477860015,0.503872522139985,1.00015356677641,"Meredith College"
376,2558,0.487156313317363,0.512843686682637,1.03668957982006,"DHM Research"
377,787,0.451724844111741,0.548275155888259,0.938836728553846,"1983 Labs"
378,2282,0.533860733615842,0.466139266384158,0.876677414117873,"Victory Insights"
379,581,0.506788034047496,0.493211965952504,0.95241386657263,"Fabrizio/GBAO"
380,2181,0.536357151900938,0.463642848099062,0.98350960991656,"Quantus Insights"
381,1619,0.568164443131072,0.431835556868928,1.00250965638043,"Winthrop U."
382,2880,0.50334890390199,0.49665109609801,1.10931121492733,"RABA Research"
383,1762,0.532095846124047,0.467904153875953,1.04736117047255,"PPIC"
384,624,0.564101678872578,0.435898321127422,1.03708061068591,"Public Opinion Strategies"
385,2097,0.500159721753177,0.499840278246823,1.04109732685555,"EPIC/MRA"
386,1680,0.517368043372611,0.482631956627389,1.01370032086139,"Spry Strategies"
387,2396,0.446083333836493,0.553916666163507,1.06724932003928,"Fabrizio"
388,1728,0.489665289920186,0.510334710079814,0.949842463951723,"Change Research"
389,811,0.47643999303484,0.52356000696516,0.975743330829368,"Praecones Analytica"
390,1798,0.549189915057371,0.450810084942629,0.978802058659065,"University of Texas at Tyler"
391,1060,0.539517499372068,0.460482500627932,0.92514398151914,"Marist"
392,2239,0.580463289577574,0.419536710422426,0.998549277550883,"Cor Strategies"
393,2032,0.515214822279121,0.484785177720879,1.035667099444,"VCreek/AMG"
394,2219,0.559031558237317,0.440968441762683,1.08428027438557,"Blueprint Polling"
395,2158,0.609194140888482,0.390805859111518,0.951520335562688,"Outward Intelligence"
396,747,0.52434228754624,0.47565771245376,0.942760485354375,"Cygnal/Aspect Strategic"
397,760,0.427495102771382,0.572504897228618,0.942932414250473,"Marquette Law School"
398,1775,0.577000177535586,0.422999822464414,0.946442052263109,"Ohio Northern University Institute for Civics and Public Policy"
399,2000,0.532278328581261,0.467721671418739,0.997881398315732,"Targoz Market Research"
400,2302,0.569741690199944,0.430258309800056,1.1668693974074,"Ohio Northern University Institute for Civics and Public Policy"
401,1265,0.523009226301522,0.476990773698478,1.00146598305827,"Big Village"
402,2399,0.5626941255759,0.4373058744241,0.912715254290333,"Split Ticket"
403,2025,0.515843102921501,0.484156897078499,0.980865907127376,"Z to A Research"
404,2331,0.471342894783102,0.528657105216898,0.918603871519353,"U. Rhode Island"
405,2378,0.434974590429212,0.565025409570788,0.973792495432603,"Manhattan Institute"
406,2519,0.537437992934618,0.462562007065382,0.944061528084888,"Noble Predictive Insights"
407,1693,0.521620107282132,0.478379892717868,1.04607867984144,"SoonerPoll.com"
408,1835,0.46441996288076,0.53558003711924,0.955535573820609,"Fabrizio/David Binder Research"
409,2911,0.484557283402585,0.515442716597415,1.00269269837609,"Leger"
410,1545,0.498809986286345,0.501190013713655,0.934566230556813,"Digital Research"
411,568,0.492897931752923,0.507102068247077,1.05588954980453,"Data Viewpoint"
412,2970,0.57428332309234,0.42571667690766,1.00675707266245,"Fabrizio/Impact"
413,2743,0.566853967890286,0.433146032109714,1.04435987235217,"SurveyMonkey"
414,2237,0.53785771652718,0.46214228347282,1.0269067263578,"Cor Strategies"
415,1630,0.517802934668717,0.482197065331283,1.03372276931381,"Cor Strategies"
416,2853,0.524604595516021,0.475395404483979,0.914694213127007,"Murphy Nasica & Associates"
417,910,0.605184212383979,0.394815787616021,0.954415247771934,"WPAi"
418,693,0.511614601051567,0.488385398948433,1.02502045447763,"Hendrix College"
419,2825,0.532961524633293,0.467038475366707,1.00808392882548,"Meeting Street Insights"
420,1535,0.518631224202222,0.481368775797778,1.08087250728591,"Causeway Solutions"
421,1177,0.517482216967281,0.482517783032719,0.931738430551329,"UC Berkeley"
422,1986,0.536572036353103,0.463427963646897,0.946702304449804,"Texas Lyceum"
423,1723,0.600226959825638,0.399773040174362,0.893666830858898,"Axis Research"
424,2747,0.517175439413857,0.482824560586143,1.11514965052948,"Texas Lyceum"
425,1612,0.455449489016809,0.544550510983191,1.12242934891603,"Quinnipiac"
426,2623,0.478012340519706,0.521987659480294,0.985908406250071,"Metropolitan Research"
427,2196,0.529371485267787,0.470628514732213,1.05262907382731,"MRG (Marketing Resource Group)"
428,1192,0.50119778890016,0.49880221109984,1.06658372855448,"Public Opinion Strategies"
429,2285,0.508103927822364,0.491896072177636,0.995148355000068,"Bendixen & Amandi International"
430,1452,0.44044469421731,0.55955530578269,1.01333161018851,"University of Houston/Texas Southern University"
431,671,0.536689506510376,0.463310493489624,0.954318185841673,"Echelon Insights"
432,749,0.600048778115618,0.399951221884382,0.943923005569306,"Dan Jones"
433,2879,0.529460492723774,0.470539507276226,0.93626337754221,"Causeway Solutions"
434,1724,0.548208091084101,0.451791908915899,0.987037329339603,"U. New Hampshire"
435,546,0.527936856742611,0.472063143257389,0.990456606525979,"Texas Lyceum"
436,1226,0.532496370454051,0.467503629545949,0.944485785026472,"Civiqs"
437,2794,0.550488311173405,0.449511688826595,0.892529529894394,"Arc Insights"
438,1758,0.472116309357193,0.527883690642807,0.988551226810037,"Ipsos"
439,2827,0.53921863609696,0.46078136390304,1.009950177986,"Landmark Communications"
440,1575,0.497981409939652,0.502018590060348,1.04295308722573,"VoteTXT"
441,948,0.528706015667694,0.471293984332306,0.969426922053993,"Franklin and Marshall College"
442,2771,0.635545055647426,0.364454944352574,1.05039268175419,"U. New Hampshire"
443,1096,0.524472928223904,0.475527071776096,1.01979527365647,"Fabrizio"
444,751,0.485444771445698,0.514555228554302,1.0357518517357,"SurveyUSA/High Point University"
445,1131,0.51460723266657,0.48539276733343,1.20296448720819,"Tulchin Research"
446,2161,0.556787481168667,0.443212518831333,0.965241103246401,"CNN/SSRS"
447,2039,0.536637362334946,0.463362637665054,1.13883370684032,"Emerson"
448,849,0.570745039963365,0.429254960036635,0.993974777021385,"Torchlight Strategies"
449,1083,0.501234131635476,0.498765868364524,1.01506245115148,"UMass Amherst/YouGov"
450,1993,0.535217948795726,0.464782051204274,1.07553679943464,"SoCal Strategies"
451,733,0.591139565377613,0.408860434622387,1.08434124580785,"ARW Strategies"
452,1165,0.511604189212719,0.488395810787281,0.972063645323954,"Peak Insights"
453,1831,0.494532768424853,0.505467231575147,1.14140495173451,"Praecones Analytica"
454,1553,0.530572866566313,0.469427133433687,0.895605543003413,"MassINC Polling Group"
455,1583,0.488792686057238,0.511207313942762,1.04157260879856,"Franklin and Marshall College"
456,2182,0.525659107843851,0.474340892156149,0.896725098296252,"Opinion Diagnostics"
457,1298,0.534736519062366,0.465263480937634,0.975968451787457,"Gravis Marketing (post 2020)"
458,2625,0.519599381459355,0.480400618540645,0.934824874449159,"Differentiators"
459,1864,0.590415752109774,0.409584247890226,0.958564084936228,"Florida Atlantic University/Mainstreet Research"
460,1133,0.523033556953647,0.476966443046353,0.998340099703147,"U. Houston"
461,1956,0.486970281502152,0.513029718497848,0.907350969587111,"Target Insyght"
462,2185,0.581854726992298,0.418145273007702,1.13032627834373,"CWS Research"
463,2716,0.561394341177393,0.438605658822607,0.956046426502075,"Glengariff Group Inc."
464,654,0.546445513677441,0.453554486322559,1.06401892924164,"USC Dornsife/CSU Long Beach/Cal Poly Pomona"
465,2381,0.597800842204623,0.402199157795377,1.0021228116404,"Big Data Poll"
466,2703,0.546752797895293,0.453247202104707,0.850608199056738,"Marquette Law School"
467,2358,0.491399666207226,0.508600333792774,0.995207666209029,"Probolsky Research"
468,1993,0.51444200537356,0.48555799462644,1.008263804356,"Z to A Research"
469,2760,0.56681141276564,0.43318858723436,0.986496063065505,"Fleming & Associates"
470,651,0.469242329671046,0.530757670328954,0.966176300814766,"Noble Predictive Insights"
471,840,0.549660681303395,0.450339318696605,0.898239249838409,"OnMessage Inc."
472,786,0.555377007363396,0.444622992636604,1.03225936216039,"UC Berkeley"
473,666,0.514667419483787,0.485332580516213,1.00984419162582,"Targoz Market Research"
474,1883,0.525299460469871,0.474700539530129,1.04425603411817,"Hendrix College"
475,2766,0.456959140251836,0.543040859748164,1.20360589345965,"Manhattan Institute"
476,1776,0.501904120715447,0.498095879284553,1.13223761060484,"New Bridge Strategy/Aspect Strategic"
477,1974,0.508283832269143,0.491716167730857,1.09518419466135,"Trafalgar Group"
478,750,0.50864794981061,0.49135205018939,1.04291813958886,"Angus Reid"
479,1430,0.5450155868069,0.4549844131931,0.959732344913408,"Glengariff Group Inc."
480,1828,0.528213002681752,0.471786997318248,0.977241110691044,"Peak Insights"
481,2445,0.584131573656222,0.415868426343778,0.938154563866336,"PRRI"
482,2477,0.521301342834418,0.478698657165582,1.15244959955339,"Mason-Dixon"
483,2977,0.512949238011459,0.487050761988541,0.895675208147434,"HarrisX"
484,2889,0.543381286615851,0.456618713384149,1.11977278985178,"Benenson"
485,2566,0.490239490121679,0.509760509878322,1.00260872781062,"Harris Poll"
486,2547,0.544004232543106,0.455995767456894,1.11143256020907,"Hoffman Research"
487,2690,0.460708500913192,0.539291499086809,1.04392633929385,"PPP"
488,1821,0.602510316776868,0.397489683223132,1.03898430834973,"SoCal Strategies"
489,2905,0.476107761371854,0.523892238628146,1.00066061573066,"DHM Research"
490,2381,0.482886003976011,0.517113996023989,0.98610556915275,"Global Strategy Group/North Star Opinion Research"
491,1122,0.535802329390246,0.464197670609754,0.960476928568395,"St. Anselm"
492,2745,0.516913645655321,0.483086354344679,1.12477343892842,"MRG (Marketing Resource Group)"
493,2341,0.558089584791889,0.441910415208111,0.992395709453667,"John Zogby Strategies"
494,1811,0.52495127592984,0.47504872407016,0.912529371126865,"Prime Group"
495,2929,0.497814136695733,0.502185863304267,0.998124422372997,"DHM Research"
496,859,0.52892511211567,0.47107488788433,1.00923111042207,"Fabrizio"
497,2253,0.501308425590044,0.498691574409956,1.07827315601161,"SoCal Strategies"
498,1804,0.510953770945065,0.489046229054935,0.948860169918845,"Pew"
499,1185,0.511379146410388,0.488620853589612,1.04540563684918,"Tulchin Research"
500,2874,0.525933287621696,0.474066712378304,1.03403103764559,"OnMessage Inc."
501,2678,0.565812958889278,0.434187041110722,0.996590973147152,"Faucheux Strategies"
502,667,0.512115794445542,0.487884205554458,1.00522450992552,"Iron Light"
503,2224,0.514061187050339,0.485938812949661,0.849971307240136,"U. Massachusetts - Lowell"
504,2269,0.526896407882446,0.473103592117554,0.945289439282952,"P2 Insights"
505,1466,0.467892183267765,0.532107816732235,0.886937900054225,"Landmark Communications"
506,2340,0.442628754070522,0.557371245929478,1.08685499849272,"Hendrix College"
507,2471,0.579958459479897,0.420041540520103,0.945667392868091,"Glengariff Group Inc."
508,1315,0.593936014927764,0.406063985072236,1.10925951628631,"Ohio Northern University Institute for Civics and Public Policy"
509,732,0.539517960363868,0.460482039636132,0.954415475310495,"University of Delaware"
510,1422,0.528441727762044,0.471558272237956,0.983067235548341,"Faucheux Strategies"
511,2591,0.538112874815177,0.461887125184823,0.947106370455715,"Fleming & Associates"
512,2883,0.600030350898511,0.399969649101489,0.956219321093453,"Schoen Cooperman"
513,2554,0.463194024832003,0.536805975167997,1.02166060139876,"Big Village"
514,1712,0.455360552863102,0.544639447136898,1.03852333922702,"St. Anselm"
515,2446,0.606585063466433,0.393414936533567,0.898246615802835,"RABA Research"
516,2586,0.492139123044925,0.507860876955075,1.00972262630809,"U. Massachusetts - Lowell"
517,2600,0.622315451113785,0.377684548886215,1.02131858584728,"Change Research"
518,2362,0.516710730603989,0.483289269396011,1.04838425415574,"Cor Services, Inc."
519,1429,0.483602337255195,0.516397662744805,0.903547392694402,"Lake Research"
520,904,0.503302456793578,0.496697543206422,0.975191209669716,"Bullfinch"
521,2713,0.519473121982376,0.480526878017624,1.0954886929396,"Harris Poll"
522,2045,0.496284438803742,0.503715561196258,0.991912536426571,"The Washington Post"
523,2136,0.426581279993637,0.573418720006363,0.862987850793555,"Strategies 360"
524,1567,0.562032683453663,0.437967316546337,1.05226892271854,"Survey Center on American Life"
525,1108,0.653228024352335,0.346771975647665,0.97120411820415,"WPAi"
526,2209,0.511593225398213,0.488406774601787,1.04086905153651,"Opinion Diagnostics"
527,2683,0.52856344333985,0.47143655666015,0.90802886288599,"High Point University"
528,886,0.555258520340203,0.444741479659797,0.98358126401407,"Big Village"
529,2677,0.49586761043242,0.50413238956758,0.956474870881923,"1983 Labs"
530,2856,0.499758298171082,0.500241701828918,0.961104436587053,"Washington Post/George Mason University"
531,894,0.507382456638143,0.492617543361857,0.947747290103309,"Change Research"
532,2686,0.593841118183307,0.406158881816693,1.08699644009253,"Data Viewpoint"
533,1674,0.552243756820698,0.447756243179302,1.07808458155443,"Arc Insights"
534,2857,0.552803632322547,0.447196367677453,0.898134587323043,"Washington Post/George Mason University"
535,1142,0.494339251823606,0.505660748176394,0.981195869921742,"Civiqs"
536,957,0.528137769216624,0.471862230783376,1.001877388364,"Fabrizio Ward"
537,1702,0.534910650134301,0.465089349865699,1.07924415996339,"University of Texas at Tyler"
538,863,0.440607336572964,0.559392663427036,1.00037978730672,"PPP"
539,539,0.510419293135017,0.489580706864983,0.944439935512276,"Texas Hispanic Policy Foundation"
540,1799,0.535413962199708,0.464586037800292,0.940818832416975,"Project Home Fire"
541,2083,0.536456321638177,0.463543678361823,0.981331951040966,"Blueprint Polling"
542,2409,0.509815243094,0.490184756906,1.05090324320211,"YouGov Blue"
543,1638,0.492998773730298,0.507001226269702,0.984113707382135,"Hart Research Associates"
544,582,0.531859129539518,0.468140870460482,1.01825895393804,"Yale Youth Poll"
545,1594,0.497879958294563,0.502120041705437,1.09910433660457,"The Washington Post"
546,2349,0.544334795198728,0.455665204801272,1.01285788317071,"YouGov"
547,1826,0.574056776555611,0.425943223444389,0.87590489295837,"Glengariff Group Inc."
548,2204,0.502310559522466,0.497689440477534,0.952083947151752,"Change Research"
549,2526,0.562738800613434,0.437261199386566,0.985715516840365,"St. Pete Polls"
550,2503,0.564028897166648,0.435971102833352,1.02594463981159,"SSRS"
551,1120,0.524958023738915,0.475041976261085,1.13752134380975,"Meredith College"
552,2313,0.585446373016326,0.414553626983674,0.860531022953699,"Public Opinion Strategies"
553,797,0.485556776870015,0.514443223129985,1.03268593280791,"Marist"
554,1632,0.507285581034015,0.492714418965985,0.960189807575959,"SoCal Strategies"
555,1360,0.529666936677577,0.470333063322423,1.07347595886893,"Roanoke College"
556,1702,0.525332308564549,0.474667691435451,1.08761557202051,"Benenson"
557,1988,0.493367724064266,0.506632275935734,1.05536207767757,"Global Strategy Group/North Star Opinion Research"
558,1198,0.551934874633037,0.448065125366963,0.918135624606165,"Data for Progress"
559,1678,0.577365205383839,0.422634794616161,0.892857660435899,"Elway"
560,1977,0.528519672795196,0.471480327204804,0.960149543960981,"Civiqs"
561,1104,0.491403535096348,0.508596464903652,0.964179764848635,"Roanoke College"
562,589,0.514612387275856,0.485387612724144,0.993678178697725,"Navigator"
563,2960,0.517400508129708,0.482599491870292,1.04359708454559,"Data Orbital"
564,2516,0.500000788227914,0.499999211772086,1.0369178742603,"Keating Research"
565,1867,0.509664347583415,0.490335652416585,1.00311459612672,"Benenson"
566,1416,0.538365272933697,0.461634727066303,0.979236966712567,"RABA Research"
567,2310,0.480804972694893,0.519195027305107,1.06315300651804,"Mitchell"
568,2646,0.575124898005284,0.424875101994716,1.0242329656751,"MRG (Marketing Resource Group)"
569,2749,0.565782124248606,0.434217875751394,1.0052808350358,"CWS Research"
570,2729,0.46608759615054,0.53391240384946,0.96541064355171,"Cor Services, Inc."
571,2924,0.516119849669656,0.483880150330344,1.01678858821214,"Clarity"
572,1113,0.482846745020146,0.517153254979854,1.01227864106859,"Manhattan Institute"
573,675,0.481972562063986,0.518027437936014,0.988266607142113,"Patriot Polling"
574,715,0.536343831612491,0.463656168387509,1.04883992401274,"Selzer"
575,2508,0.562652220042003,0.437347779957997,1.08185891397614,"Data Viewpoint"
576,1045,0.581598144240926,0.418401855759074,1.02083974233708,"HarrisX/Harris Poll"
577,2135,0.55012987946908,0.44987012053092,0.960214687564367,"Abacus Data"
578,1555,0.559865430185712,0.440134569814288,0.984966845394725,"PRRI"
579,517,0.482906414831046,0.517093585168954,1.08635030330468,"Rasmussen"
580,2457,0.600338329933965,0.399661670066035,0.95858082568434,"Victory Insights"
581,673,0.494806004849046,0.505193995150954,1.09160059405332,"PRRI"
582,2839,0.548499974667525,0.451500025332475,0.998751765116649,"Lord Ashcroft Polls"
583,2592,0.467242869406575,0.532757130593425,0.896951149544956,"PPIC"
584,1918,0.542445657566858,0.457554342433142,0.94835953652408,"Kaplan Strategies"
585,2073,0.50708694223557,0.49291305776443,1.04639785249326,"Gateway Political Strategies"
586,2303,0.423676184985152,0.576323815014848,0.895559869778049,"TIPP"
587,2697,0.531114294610034,0.468885705389966,1.12183154141121,"National Public Affairs"
588,1662,0.513291134633143,0.486708865366857,0.950220287489108,"MassINC Polling Group"
589,2768,0.465017063610892,0.534982936389108,1.05100591680924,"Beacon/Shaw"
590,789,0.546829218854998,0.453170781145002,0.940213451825033,"Selzer"
591,1099,0.530333206261702,0.469666793738298,0.985672197331664,"Tulchin Research"
592,1988,0.509591488133686,0.490408511866314,0.961169414411123,"J.L. Partners"
593,2799,0.588624260965883,0.411375739034117,1.05766766832498,"WPAi"
594,2276,0.55237837105993,0.44762162894007,1.0513115814791,"Muhlenberg"
595,1556,0.545568173567342,0.454431826432658,1.03152689981921,"SoonerPoll.com"
596,2757,0.550391012557485,0.449608987442515,1.0595864416284,"BK Strategies"
597,841,0.507430994477273,0.492569005522727,0.918032599950743,"Franklin and Marshall College"
598,2472,0.562149388149711,0.437850611850289,0.993757842286728,"Chism Strategies"
599,1766,0.539175864077204,0.460824135922796,1.01649248311265,"Civiqs"
600,2429,0.490210405182488,0.509789594817512,0.998182629283051,"Benenson"
601,1128,0.544958999575849,0.455041000424151,0.900681111078,"Meredith College"
602,554,0.491012864611446,0.508987135388554,1.0624327678394,"Ohio Northern University Institute for Civics and Public Policy"
603,2924,0.563717776579097,0.436282223420903,0.955607642679778,"Big Data Poll"
604,2854,0.516682016226057,0.483317983773943,1.02406776462836,"Marist"
605,2262,0.534934582985314,0.465065417014686,0.946866322176825,"Quantus Polls and News"
606,1574,0.5015757664704,0.4984242335296,0.985273150284316,"Impact Research"
607,1945,0.473570570107935,0.526429429892065,1.12186983422289,"GS Strategy Group"
608,1329,0.430439372574341,0.569560627425659,1.06435981590501,"Suffolk"
609,2191,0.582471887995438,0.417528112004562,1.07980784714885,"AtlasIntel"
610,1213,0.4887584677156,0.5112415322844,1.05848850147665,"ActiVote"
611,2833,0.513030470949193,0.486969529050807,0.988383699166893,"Public Opinion Strategies"
612,883,0.464667055973245,0.535332944026755,0.909683426184798,"ARW Strategies"
613,1690,0.548968489920827,0.451031510079173,1.00242368463358,"J.L. Partners"
614,1922,0.54191174945094,0.45808825054906,1.01305672061962,"Innovative Research Group"
615,546,0.479125999863258,0.520874000136742,1.14515444242045,"Harris Poll"
616,2456,0.547065629652493,0.452934370347507,1.05197687463645,"YouGov Blue"
617,1060,0.530294854515204,0.469705145484796,0.959052328485103,"John Zogby Strategies"
618,2530,0.529432520286509,0.470567479713491,1.01907070771876,"Beacon/Shaw"
619,2093,0.505564220439228,0.494435779560772,1.03501593563893,"Patriot Polling"
620,2553,0.478169817537448,0.521830182462552,0.98321891105655,"U. Houston"
621,1402,0.455966877712976,0.544033122287024,0.878925636629159,"SoCal Strategies"
622,1080,0.426012618039271,0.573987381960729,1.11052910160711,"Data Orbital"
623,2556,0.56280395010864,0.43719604989136,0.993593911663744,"Project Home Fire"
624,1748,0.475975774282307,0.524024225717693,1.06228854089244,"RMG Research"
625,2024,0.529281487019329,0.470718512980671,0.928141776400135,"Iron Light"
626,2013,0.606250428637771,0.393749571362229,0.933876283675567,"New Bridge Strategy/Aspect Strategic"
627,631,0.527344020800029,0.472655979199971,1.01274106691389,"Muhlenberg"
628,1194,0.516476054257518,0.483523945742482,0.90848165212574,"J.L. Partners"
629,2202,0.488982229118589,0.511017770881411,1.06099441452524,"Gonzales Research & Media Services"
630,1334,0.539261132632706,0.460738867367294,1.14205995462297,"OnMessage Inc."
631,2128,0.583901659746602,0.416098340253398,0.998579355940469,"BK Strategies"
632,1155,0.520385676406682,0.479614323593318,0.98997986924114,"Abacus Data"
633,792,0.545687347853049,0.454312652146951,1.03408640328562,"SSRS"
634,2493,0.626138731315928,0.373861268684072,0.908956257733336,"Prime Group"
635,593,0.515932740677726,0.484067259322274,1.14231336992069,"Winthrop U."
636,1707,0.527034493354064,0.472965506645936,0.978498064784746,"Fairleigh Dickinson"
637,2511,0.504700855360744,0.495299144639256,0.938979414640132,"Siena/NYT"
638,827,0.434877308951081,0.565122691048919,1.03766867325071,"McLaughlin"
639,1212,0.546212335047145,0.453787664952855,0.970344608470412,"Blueprint Polling"
640,1407,0.59272485965244,0.40727514034756,0.918269218454912,"PRRI"
641,2666,0.557871802908334,0.442128197091666,1.10693571493197,"PEM Management Corporation"
642,604,0.446293092616613,0.553706907383387,1.00919632137686,"Schoen Cooperman"
643,1257,0.461585955365571,0.538414044634429,0.951188274497966,"Probolsky Research"
644,1271,0.578320412571966,0.421679587428034,0.879808226006539,"Mason-Dixon"
645,2600,0.530260022608704,0.469739977391296,0.985500482476443,"Leger"
646,2154,0.556302200385152,0.443697799614848,1.02045651609162,"SurveyMonkey"
647,991,0.510681995921515,0.489318004078485,0.984252664756325,"Metropolitan Research"
648,701,0.480584972540618,0.519415027459382,1.06519969471553,"Fleming & Associates"
649,1731,0.54984283379214,0.45015716620786,0.994899822775703,"GS Strategy Group"
650,2752,0.538000646209528,0.461999353790472,0.887078146589247,"Fabrizio/Impact"
651,1873,0.568199398852387,0.431800601147613,1.04629789479689,"Morning Consult"
652,1694,0.448515392772402,0.551484607227598,1.16967239167958,"Torchlight Strategies"
653,2207,0.510866307328708,0.489133692671292,1.04403404503056,"Mason-Dixon"
654,1218,0.453952980384164,0.546047019615836,0.976988816326537,"U. North Florida"
655,1718,0.485103888673231,0.514896111326769,1.02588542060698,"1892 Polling"
656,1181,0.467956580030129,0.532043419969871,1.14231953984979,"Harris Poll"
657,1998,0.467149068544807,0.532850931455193,0.881692099664455,"Bowling Green State University/YouGov"
658,2019,0.580534830870789,0.419465169129211,0.971399120842916,"ABC/Washington Post"
659,2215,0.479493549551196,0.520506450448804,0.98476828312582,"Torchlight Strategies"
660,1671,0.498035573360869,0.501964426639131,0.857820399710189,"VCreek/AMG"
661,885,0.521384668994228,0.478615331005772,1.05826787927791,"Abacus Data"
662,1988,0.498827665956419,0.501172334043581,0.955966667790617,"Pew"
663,2601,0.532074650122388,0.467925349877612,1.0114184955363,"CNN/SSRS"
664,1625,0.619347832469388,0.380652167530612,0.993560776897247,"Marist"
665,2536,0.490282990566633,0.509717009433367,1.02781396048089,"ActiVote"
666,1321,0.475464671825033,0.524535328174967,1.13225891493639,"Zogby"
667,2234,0.538697492422136,0.461302507577864,1.10354577327845,"Angus Reid"
668,1298,0.461727732255557,0.538272267744443,1.01643203923852,"Fabrizio/Impact"
669,1285,0.548468143361909,0.451531856638091,1.07312484932566,"New Bridge Strategy/Aspect Strategic"
670,518,0.56948287739778,0.43051712260222,0.827242938503546,"U. Massachusetts - Lowell"
671,2228,0.51584734852724,0.48415265147276,0.964172687022154,"Echelon Insights/GBAO"
672,2715,0.563847703460547,0.436152296539453,0.925057644676011,"Gateway Political Strategies"
673,2021,0.527156574843522,0.472843425156478,1.10876762509032,"Z to A Research"
674,1955,0.548762559184372,0.451237440815628,0.984697074064967,"Wick"
675,2769,0.488350079733343,0.511649920266657,0.971692012472512,"P2 Insights"
676,1332,0.517649703084014,0.482350296915986,0.886278791620971,"Muhlenberg"
677,2772,0.510094218103788,0.489905781896212,0.9765059467688,"Opinion Diagnostics"
678,1244,0.583721601292796,0.416278398707204,1.00962468241707,"Lake Research"
679,2967,0.468722185748777,0.531277814251222,1.05177704677214,"InsiderAdvantage"
680,1389,0.560437485875067,0.439562514124933,0.995557609889704,"Hart/POS"
681,1730,0.498135029078398,0.501864970921602,0.879311226231457,"TIPP"
682,736,0.589258999638155,0.410741000361845,0.957972397978325,"Slingshot Strategies"
683,2226,0.528429384526274,0.471570615473726,1.05906744784359,"Targoz Market Research"
684,900,0.561734265787277,0.438265734212723,0.867021887745956,"MRG (Marketing Resource Group)"
685,2657,0.544666537954773,0.455333462045227,1.07266110506117,"Global Strategy Group/North Star Opinion Research"
686,1009,0.489358321741712,0.510641678258288,0.971117778528135,"TIPP"
687,895,0.569336725593424,0.430663274406576,1.01002547350724,"North Star Opinion Research"
688,572,0.479665440682124,0.520334559317876,0.839368217351359,"Trafalgar Group/InsiderAdvantage"
689,2851,0.578847563504523,0.421152436495477,1.06795357399257,"Noble Predictive Insights"
690,1309,0.542680326770502,0.457319673229498,1.08735845891432,"Data Viewpoint"
691,853,0.452874357285833,0.547125642714167,0.93367146208323,"Torchlight Strategies"
692,2064,0.56969084965884,0.43030915034116,0.934286005439551,"Kaplan Strategies"
693,2007,0.543607656281383,0.456392343718617,1.07740884650113,"Yale Youth Poll"
694,958,0.485535821655903,0.514464178344097,0.988973758183282,"St. Anselm"
695,1370,0.603846670507955,0.396153329492045,0.96987019005898,"Siena"
696,2364,0.553867246191855,0.446132753808145,1.0878862220902,"RABA Research"
697,2322,0.504911246894407,0.495088753105593,1.02971491413065,"Murphy Nasica & Associates"
698,2817,0.599794763782393,0.400205236217607,0.968134271772614,"Glengariff Group Inc."
699,2710,0.480536255413971,0.519463744586029,0.926825627148509,"Gonzales Research & Media Services"
700,2381,0.554792124960341,0.445207875039659,1.10471491115751,"National Research"
701,2320,0.455103300204629,0.544896699795371,0.917000421477281,"American Pulse"
702,2364,0.491261612513851,0.508738387486149,1.01191174880569,"Civiqs"
703,1264,0.523168239877673,0.476831760122327,0.97428552196594,"Data for Progress"
704,1334,0.543410080571433,0.456589919428567,0.975132013677647,"PEM Management Corporation"
705,1797,0.51887459392725,0.48112540607275,1.01562359715603,"Alaska Survey Research"
706,2260,0.567836292228773,0.432163707771227,1.01742886313596,"Cor Strategies"
707,1927,0.570286940649752,0.429713059350248,1.10975162078852,"DHM Research"
708,1019,0.514941093745233,0.485058906254767,0.982434130336883,"Focaldata"
709,1754,0.510193898671734,0.489806101328266,1.00873761866241,"J.L. Partners"
710,1278,0.42951063168782,0.57048936831218,0.893487302991483,"Digital Research"
711,1253,0.525428954658012,0.474571045341988,0.804917435311684,"Texas Hispanic Policy Foundation"
712,2576,0.47647121517294,0.52352878482706,0.961316969504369,"Ipsos"
713,1553,0.488023216785373,0.511976783214627,1.04232452510839,"Split Ticket/Data for Progress"
714,2321,0.526772241208171,0.473227758791829,0.980942463232124,"MassINC Polling Group"
715,2054,0.515444291833758,0.484555708166242,0.828289216431439,"Hart Research Associates"
716,529,0.507105458579567,0.492894541420433,1.0422047803599,"Peak Insights"
717,1703,0.474937912513546,0.525062087486454,0.962130357899407,"Cygnal"
718,513,0.534767148305175,0.465232851694825,1.07403436564694,"Change Research"
719,2822,0.502767755207742,0.497232244792258,0.948615944437644,"MassINC Polling Group"
720,2185,0.565490325624625,0.434509674375375,0.924148331454048,"The Washington Post"
721,1248,0.560984422467607,0.439015577532393,0.987961079352248,"KAConsulting LLC"
722,592,0.560834877844694,0.439165122155306,0.9483267464276,"Landmark Communications"
723,2180,0.557561257526996,0.442438742473004,0.983771265613303,"Z to A Research"
724,1128,0.59120836024314,0.40879163975686,0.888425687556733,"Gateway Political Strategies"
725,2032,0.487085199101316,0.512914800898684,0.982158283157389,"American Pulse"
726,1732,0.54116260810365,0.45883739189635,0.991632937557375,"McCourtney Institute/YouGov"
727,1472,0.586170578123748,0.413829421876252,1.10123990568792,"SoCal Research"
728,1907,0.48377110499109,0.51622889500891,0.900369260532852,"East Carolina University"
729,2635,0.534941833475871,0.465058166524129,1.0065941636794,"SurveyUSA"
730,2689,0.530476430702366,0.469523569297634,1.06116007809416,"Fabrizio Ward"
731,2181,0.522638619186163,0.477361380813837,0.997184104031731,"NewsNation/Decision Desk HQ"
732,2649,0.621661140000812,0.378338859999188,0.908892804806987,"Causeway Solutions"
733,1553,0.558878495857846,0.441121504142154,1.0174845038495,"YouGov/SNF Agora"
734,1436,0.487849016986802,0.512150983013198,0.909453465151805,"Ipsos"
735,2763,0.557082381972132,0.442917618027868,1.03108773992569,"Cygnal/Aspect Strategic"
736,1792,0.545802878743191,0.454197121256809,0.958113244919576,"High Point University"
737,1455,0.585596315390803,0.414403684609197,0.964400770413747,"Hart/POS"
738,2652,0.498502304628911,0.501497695371089,1.08640715415849,"John Zogby Strategies"
739,1733,0.499482818740141,0.500517181259859,1.132909526676,"Harris Poll"
740,2189,0.518726615833771,0.481273384166229,0.915889823804206,"National Research"
741,1313,0.497652550411625,0.502347449588375,1.0507428394058,"Gravis Marketing (post 2020)"
742,666,0.538608951671782,0.461391048328218,1.01600384231116,"Kaiser Family Foundation"
743,2752,0.509069679948651,0.490930320051349,0.909531639089401,"Rasmussen"
744,2602,0.531746752475759,0.468253247524241,0.902577288604952,"Spry Strategies"
745,1904,0.510137973891151,0.489862026108849,1.12324851612123,"Target Insyght"
746,1670,0.524056441691951,0.475943558308049,0.995092859729043,"Pan Atlantic Research"
747,2554,0.545548064395224,0.454451935604776,1.02066158610251,"Tarrance"
748,912,0.501821506026468,0.498178493973532,0.878114714708702,"East Carolina University"
749,1207,0.486196730921084,0.513803269078916,1.04996389526161,"Opinion Diagnostics"
750,3000,0.53387810924543,0.46612189075457,0.962070300081489,"Rasmussen"
751,2170,0.517513448041624,0.482486551958376,0.955300440883759,"University of Delaware"
752,552,0.480879887594004,0.519120112405996,1.09862073298083,"VoteTXT"
753,1249,0.524133330056589,0.475866669943411,0.977251642291922,"3W Insights"
754,1976,0.536413337288795,0.463586662711205,0.901967470611404,"Public Opinion Strategies"
755,1728,0.520799673547308,0.479200326452692,0.934802502153262,"Elon U."
756,2666,0.45988145705763,0.54011854294237,1.08834482396253,"MassINC Polling Group"
757,2765,0.447646029977664,0.552353970022336,0.976219028759503,"High Point University"
758,2570,0.521951370240306,0.478048629759694,1.05123673967474,"Bendixen & Amandi International"
759,882,0.544685661996781,0.455314338003219,1.02405590804014,"Marist"
760,565,0.608251540447714,0.391748459552286,0.838712734004672,"Trafalgar Group"
761,2275,0.494175383321795,0.505824616678205,1.01090526916524,"Targoz Market Research"
762,2821,0.428061552391055,0.571938447608945,0.90244926902509,"PPIC"
763,719,0.524002578188908,0.475997421811092,1.05172174446599,"New Bridge Strategy/Aspect Strategic"
764,2314,0.52946832842108,0.47053167157892,0.950645187903556,"Fabrizio Ward"
765,2795,0.492807158873667,0.507192841126333,0.975412575169153,"TIPP"
766,2653,0.493406790171887,0.506593209828113,1.03574918151448,"VoteTXT"
767,1425,0.572146669506754,0.427853330493246,1.02733501432963,"Glengariff Group Inc."
768,2601,0.488579411625897,0.511420588374103,0.938354338712725,"Public Opinion Strategies"
769,1773,0.528622648632021,0.471377351367979,1.01032466907209,"Split Ticket"
770,2704,0.52153446560678,0.47846553439322,1.05275658330926,"UC Berkeley"
771,2596,0.584778630643211,0.415221369356789,0.965004227633928,"Let's Preserve the American Dream"
772,2727,0.502316917398371,0.497683082601629,1.08816658978466,"Echelon Insights/GBAO"
773,2381,0.549722177526328,0.450277822473672,1.05224933451644,"Roanoke College"
774,2548,0.511251349824449,0.488748650175551,0.970720041154772,"ARW Strategies"
775,1421,0.569448194397156,0.430551805602844,1.15096101823914,"Strategies 360"
776,1837,0.518975948056268,0.481024051943732,1.06892154266783,"Virginia Commonwealth U."
777,1517,0.565141220215595,0.434858779784405,0.957666202904673,"Angus Reid"
778,1091,0.652033968225141,0.347966031774859,1.07116231515919,"Tulchin Research"
779,562,0.58922741024656,0.41077258975344,0.938976813036282,"Axis Research"
780,2320,0.580634629467782,0.419365370532218,0.991566094452535,"Fabrizio/McLaughlin"
781,786,0.504812444167563,0.495187555832437,0.971367969339663,"YouGov/Center for Working Class Politics"
782,2432,0.589861716285427,0.410138283714573,0.878862370906836,"J.L. Partners"
783,1565,0.510678312950388,0.489321687049612,1.06455652567888,"Yale Youth Poll"
784,1219,0.52231338731917,0.47768661268083,1.14272168472942,"Hunt Research"
785,2451,0.493732636679869,0.506267363320131,0.958167350103976,"MassINC Polling Group"
786,1218,0.468228761877538,0.531771238122462,1.0773399639138,"U. Massachusetts - Lowell"
787,2324,0.528787550464791,0.471212449535209,0.896295060076479,"U. Massachusetts - Lowell"
788,1852,0.524254568722015,0.475745431277985,1.0106407043489,"GQR"
789,1889,0.480293581668276,0.519706418331724,0.983760448490024,"1892 Polling"
790,1262,0.534962741789618,0.465037258210382,0.925882182689863,"The Tyson Group"
791,884,0.604011199276472,0.395988800723528,0.91036811375405,"Slingshot Strategies"
792,1853,0.525492573058537,0.474507426941463,0.925635640209946,"Quinnipiac"
793,2797,0.535459582144353,0.464540417855647,0.984951479800734,"Trafalgar Group/InsiderAdvantage"
794,2233,0.480470194031672,0.519529805968328,1.03664059424934,"Cygnal"
795,2060,0.477538560202632,0.522461439797368,0.98462552306682,"Let's Preserve the American Dream"
796,2360,0.528286961785968,0.471713038214032,0.969707881463788,"St. Anselm"
797,2635,0.45349468938253,0.54650531061747,0.945569143695182,"Premise"
798,2789,0.487201429224363,0.512798570775637,0.982741852685336,"Selzer"
799,2481,0.571976884329988,0.428023115670012,1.04749089489784,"Slingshot Strategies"
800,920,0.55720008664629,0.44279991335371,1.06796435401343,"Faucheux Strategies"
801,1122,0.468591045597529,0.531408954402471,0.982875614480992,"Global Strategy Group/North Star Opinion Research"
802,585,0.508120742916143,0.491879257083857,1.08034351365844,"YouGov Blue"
803,1353,0.558052980715668,0.441947019284332,1.20343912656329,"U. North Florida"
804,1931,0.521105595999238,0.478894404000762,0.991151806162904,"PPIC"
805,2107,0.470838425691227,0.529161574308773,1.07269464243832,"University of Maryland/Washington Post"
806,2279,0.443098075062871,0.556901924937129,0.918049730406284,"The Political Matrix/The Listener Group"
807,1531,0.544008208779916,0.455991791220084,1.00611740932782,"SurveyUSA"
808,1058,0.527512393409588,0.472487606590412,1.00391809665679,"Fabrizio"
809,816,0.527865794874683,0.472134205125317,0.981010337428832,"DHM Research"
810,1751,0.534623896942653,0.465376103057347,1.04505092734909,"Pan Atlantic Research"
811,1337,0.549761447723244,0.450238552276756,0.929191117410722,"Hoffman Research"
812,2083,0.561907099653194,0.438092900346806,0.96082235374679,"YouGov"
813,902,0.557331825965684,0.442668174034316,1.04997107381684,"Cor Strategies"
814,2082,0.558040363320216,0.441959636679784,0.969101093834984,"DHM Research"
815,2737,0.542817394699844,0.457182605300156,1.03147738806264,"Elway"
816,846,0.538417499708148,0.461582500291852,0.975779651269258,"Dan Jones"
817,1063,0.534426983078737,0.465573016921263,0.7855958745888,"Siena/NYT"
818,1095,0.521793959111302,0.478206040888698,1.05641596330785,"HarrisX"
819,1541,0.496046668763423,0.503953331236577,1.00774224158274,"USC Dornsife/CSU Long Beach/Cal Poly Pomona"
820,2945,0.511732038137107,0.488267961862893,1.01967025775371,"Susquehanna"
821,1741,0.556651469453088,0.443348530546912,1.1253554454905,"SSRS"
822,2531,0.521984175489242,0.478015824510758,0.99463471638973,"Hart Research Associates"
823,2189,0.532357047339655,0.467642952660345,0.995765518299684,"SurveyMonkey"
824,2451,0.501856419821556,0.498143580178444,0.99913993128335,"ActiVote"
825,1391,0.535226930664006,0.464773069335994,1.00416561870981,"Manhattan Institute"
826,2442,0.48701371037742,0.51298628962258,0.853620398239753,"1892 Polling"
827,992,0.537951958349214,0.462048041650786,0.942565086655775,"Benenson Strategy Group/GS Strategy Group"
828,2761,0.566740858388369,0.433259141611631,1.02302032533366,"American Pulse"
829,753,0.555528564791862,0.444471435208138,1.09921197678721,"Blueprint Polling"
830,1514,0.584507725517309,0.415492274482691,1.11187362244948,"HarrisX/Harris Poll"
831,2939,0.50379642116934,0.49620357883066,1.04251224201989,"High Point University"
832,1916,0.567452034652062,0.432547965347938,1.00844271452234,"Remington"
833,2352,0.518396012421789,0.481603987578211,0.9347185387723,"Franklin and Marshall College"
834,734,0.565900792736012,0.434099207263988,1.04608378358479,"PPIC"
835,1421,0.479163080332487,0.520836919667513,1.07001106781665,"St. Pete Polls"
836,1430,0.507549907407414,0.492450092592586,1.02165782193271,"Outward Intelligence"
837,2672,0.532304668487153,0.467695331512847,1.05010559536009,"Pew"
838,1741,0.389469027210116,0.610530972789884,0.987318658415891,"Bendixen & Amandi International"
839,1945,0.57626839477618,0.42373160522382,1.03432560964724,"U. New Hampshire"
840,1751,0.556949772083009,0.443050227916991,1.05805652862479,"Cygnal/Aspect Strategic"
841,2011,0.548347833331581,0.451652166668419,1.10421568066709,"Praecones Analytica"
842,1286,0.576347617712603,0.423652382287397,1.08966494030746,"Noble Predictive Insights"
843,2490,0.539664961844433,0.460335038155567,1.12106258604464,"Data for Progress"
844,1640,0.56883888152563,0.43116111847437,1.09395981828229,"UpOne Insights/BSG"
845,2638,0.516887769773844,0.483112230226156,0.999932496028112,"Marquette Law School"
846,987,0.514533653288421,0.485466346711579,1.07406968480977,"Cor Services, Inc."
847,1647,0.514882299706038,0.485117700293962,0.96694790329156,"Mason-Dixon"
848,522,0.484173033229752,0.515826966770248,1.02344657473306,"Marquette Law School"
849,2941,0.480181216182041,0.519818783817959,0.949626974928485,"University of Massachusetts Lowell/YouGov"
850,1054,0.555294111958602,0.444705888041398,1.059671294781,"Pew"
851,1029,0.574227641054764,0.425772358945236,1.02257055437784,"VCreek/AMG"
852,2231,0.541878688870444,0.458121311129556,0.888428551444552,"Research & Polling"
853,918,0.610517413475168,0.389482586524832,1.02606890034522,"Redfield & Wilton Strategies"
854,2384,0.568442872822264,0.431557127177736,1.03675960399055,"RMG Research"
855,2127,0.426110123521661,0.573889876478338,0.959357044112378,"Iron Light"
856,2290,0.51026975774048,0.48973024225952,1.05694502071358,"DHM Research"
857,1833,0.455058384675653,0.544941615324347,0.912785109488543,"Roanoke College"
858,508,0.525865483708198,0.474134516291802,1.08346210236311,"Cherry Communications"
859,1444,0.528297714230648,0.471702285769352,1.02950612769908,"Research America"
860,1529,0.526438346281828,0.473561653718172,0.938678930403643,"Patriot Polling"
861,1878,0.465608864947378,0.534391135052622,0.969503718634598,"VoteTXT"
862,2189,0.507378842205982,0.492621157794018,1.08989907074264,"Outward Intelligence"
863,1247,0.548357088997074,0.451642911002926,1.09023866124126,"EPIC/MRA"
864,811,0.580472284444706,0.419527715555294,0.980757386483456,"Trafalgar Group/InsiderAdvantage"
865,1696,0.531128332615788,0.468871667384212,1.03260327244052,"NewsNation/Decision Desk HQ"
866,1228,0.496490046281549,0.503509953718451,0.989544814250074,"Washington Post/George Mason University"
867,1860,0.382316893067098,0.617683106932902,1.01003372213995,"InsiderAdvantage"
868,2212,0.522807343152874,0.477192656847126,0.969011869044975,"Chism Strategies"
869,2266,0.530488643541678,0.469511356458322,1.00206521353258,"Patriot Polling"
870,2437,0.518919399120425,0.481080600879575,0.936988838581725,"Z to A Research"
871,2779,0.549605656530727,0.450394343469273,1.02440406199855,"U. New Hampshire"
872,2320,0.530259951505142,0.469740048494858,0.94434733614764,"UpOne Insights/BSG"
873,1859,0.493700870339915,0.506299129660085,1.02344627268163,"Global Strategy Group/North Star Opinion Research"
874,2887,0.483774097236926,0.516225902763074,0.978230711395868,"YouGov"
875,1398,0.550697158359434,0.449302841640566,0.942053107081799,"PureSpectrum"
876,2987,0.498241567792517,0.501758432207483,0.952072978584434,"The Washington Post"
877,1783,0.495071533258824,0.504928466741176,1.01395189149108,"SoonerPoll.com"
878,1237,0.445378814439633,0.554621185560367,0.972320068175432,"1892 Polling"
879,1270,0.485001799403781,0.514998200596219,0.942994770831946,"Angus Reid"
880,1055,0.506715109766253,0.493284890233747,0.993872522554239,"National Research"
881,535,0.521074062668967,0.478925937331033,0.986931178900249,"SSRS"
882,1306,0.532019652739855,0.467980347260145,1.10698638290111,"PPIC"
883,2979,0.5043078271791,0.4956921728209,0.951651210249919,"University of Massachusetts Lowell/YouGov"
884,2449,0.418048106089076,0.581951893910924,1.00370629431794,"Meeting Street Insights"
885,1204,0.553374799039282,0.446625200960718,0.851883219602351,"YouGov Blue"
886,1729,0.571622127725353,0.428377872274647,0.89659537908455,"Capitol Weekly"
887,1570,0.528941943590898,0.471058056409102,1.12319968721718,"Winthrop U."
888,1227,0.520450075212366,0.479549924787634,0.962854535551718,"American Pulse"
889,1849,0.59898760259306,0.40101239740694,0.906648161922962,"Slingshot Strategies"
890,1877,0.529107515216188,0.470892484783812,1.06939330701357,"Elon U."
891,672,0.477633108342987,0.522366891657013,1.01611021837775,"Civiqs"
892,717,0.536616388412977,0.463383611587023,1.03622704755673,"National Public Affairs"
893,2033,0.554464274904951,0.445535725095049,1.02421278107719,"McCourtney Institute/YouGov"
894,999,0.461869501958435,0.538130498041565,1.00724208503475,"Elway"
895,2795,0.501571319066812,0.498428680933188,1.06279412873658,"Chism Strategies"
896,2453,0.549618130183308,0.450381869816692,1.03508368114022,"Florida Atlantic University"
897,2168,0.534607895649519,0.465392104350481,1.06190727350127,"UC Berkeley"
898,1501,0.541006256498972,0.458993743501028,1.17353988681147,"Fabrizio/Impact"
899,846,0.538134468484957,0.461865531515043,1.07561840754305,"Quantus Insights"
900,1316,0.515401489718164,0.484598510281836,0.998044498652607,"Beacon/Shaw"
901,1037,0.488847542439234,0.511152457560766,1.02251298863696,"P2 Insights"
902,578,0.556005116870985,0.443994883129015,1.07832262843453,"Siena/NYT"
903,835,0.460810916373572,0.539189083626428,1.01553416530199,"OH Predictive Insights / MBQF"
904,2253,0.513763282768862,0.486236717231138,1.08377232310309,"SSRS"
905,1851,0.562715027691131,0.437284972308869,0.995368718238514,"Impact Research"
906,1658,0.470659035087261,0.529340964912739,1.00087073629261,"Fabrizio/GBAO"
907,1548,0.503911436063111,0.496088563936889,1.02422059168528,"CWS Research"
908,544,0.491718656756976,0.508281343243024,1.11192370407552,"St. Anselm"
909,752,0.522105134813995,0.477894865186005,0.997089051025413,"Selzer"
910,804,0.484240388829635,0.515759611170365,1.05771061459874,"Focaldata"
911,1026,0.492709545957476,0.507290454042524,0.870230922887538,"Franklin and Marshall College"
912,1997,0.51640117368885,0.48359882631115,0.817608704027189,"Survey Center on American Life"
913,749,0.469059283219311,0.530940716780689,0.889557245089527,"McLaughlin"
914,1423,0.513403061977616,0.486596938022384,1.07125374484103,"Siena/NYT"
915,2280,0.445068618054761,0.554931381945239,0.997280253297318,"Echelon Insights"
916,2012,0.541694139117067,0.458305860882933,1.02705831745003,"Bendixen & Amandi International"
917,837,0.48698517110795,0.51301482889205,1.03860045567339,"RABA Research"
918,2215,0.465874890427519,0.534125109572481,0.996352807133581,"Research Co."
919,2369,0.486200741115255,0.513799258884745,1.08844443279552,"Hendrix College"
920,1654,0.645756998207486,0.354243001792514,0.924532431822608,"Redfield & Wilton Strategies"
921,2701,0.541391427097034,0.458608572902966,0.948379193400207,"U. Houston"
922,2015,0.615352101470691,0.384647898529309,0.906185218682034,"co/efficient"
923,1498,0.491332582247569,0.508667417752431,1.00792645305671,"OH Predictive Insights / MBQF"
924,2813,0.496977877237928,0.503022122762072,0.936618977738946,"Cor Strategies"
925,1054,0.514369071215229,0.485630928784771,1.05987460901947,"Survey Center on American Life"
926,2199,0.573087678326284,0.426912321673716,1.10297721529778,"Kaiser Family Foundation"
927,1776,0.5215505184569,0.4784494815431,0.972158191511246,"CNN/SSRS"
928,2450,0.499004142566696,0.500995857433304,1.01072125871368,"Angus Reid"
929,1292,0.482415609811327,0.517584390188673,1.05549144680489,"Bullfinch"
930,2891,0.569690106507853,0.430309893492147,1.08549989331833,"Cor Services, Inc."
931,585,0.494559801610456,0.505440198389544,0.909851981701224,"Florida Atlantic University"
932,2802,0.581494905348333,0.418505094651667,1.0502893175128,"OnMessage Inc."
933,2893,0.543933088783724,0.456066911216276,0.907890570159587,"National Public Affairs"
934,1331,0.552589463329704,0.447410536670296,1.01087419409438,"Roanoke College"
935,2536,0.500361291688575,0.499638708311425,1.0278303768103,"Tarrance"
936,2358,0.516497340455829,0.483502659544171,1.01753820843932,"Remington"
937,1873,0.519664373631721,0.480335626368279,0.926330156736242,"VCreek/AMG"
938,999,0.495564109040619,0.504435890959381,0.956840621292992,"AtlasIntel"
939,2905,0.554362639214032,0.445637360785968,1.11007350289654,"Elway"
940,2404,0.522717486361387,0.477282513638613,1.03138542019269,"U. Houston"
941,730,0.51382637955663,0.48617362044337,1.13575856878334,"YouGov/Center for Working Class Politics"
942,2754,0.587822286611875,0.412177713388125,1.08308505957547,"Slingshot Strategies"
943,1799,0.511581786743071,0.488418213256929,1.10897155957941,"Quantus Polls and News"
944,2628,0.548178407091753,0.451821592908247,1.01124367317406,"RMG Research"
945,2303,0.577772900908399,0.422227099091601,1.09078621793966,"Data for Progress"
946,2077,0.555979045732432,0.444020954267568,0.973686727974965,"St. Pete Polls"
947,2141,0.481019495987897,0.518980504012103,0.952720575328766,"InsiderAdvantage"
948,1344,0.493740862446135,0.506259137553865,0.93853759446547,"Florida Atlantic University"
949,2517,0.532330000225758,0.467669999774242,1.04813260859695,"American Pulse"
950,1733,0.597020317313887,0.402979682686113,0.980475093114144,"Victory Insights"
951,1554,0.547613868862244,0.452386131137756,0.918145258834192,"HarrisX/Harris Poll"
952,1982,0.498265096683608,0.501734903316392,1.02599002962416,"Christopher Newport U."
953,2890,0.552379508065123,0.447620491934877,1.03258065683151,"Franklin and Marshall College"
954,2905,0.493251257848715,0.506748742151285,0.99115403358358,"PPP"
955,1693,0.627104635421074,0.372895364578926,0.876228084747456,"Fabrizio Ward"
956,597,0.476849581171778,0.523150418828222,0.937828998048345,"Gonzales Research & Media Services"
957,2224,0.528003901037278,0.471996098962722,0.877805066597343,"Bullfinch"
958,1746,0.489247375530934,0.510752624469066,1.06234047147777,"Iron Light"
959,2098,0.523172718085418,0.476827281914582,1.0758098377279,"Echelon Insights/GBAO"
960,1963,0.488172912743284,0.511827087256716,0.909906999501015,"SurveyUSA/High Point University"
961,1831,0.513082915144195,0.486917084855805,0.999976290830556,"Global Strategy Group/North Star Opinion Research"
962,2689,0.471638586754216,0.528361413245784,1.06498922326442,"Fabrizio"
963,1499,0.524797559029044,0.475202440970956,1.01985339811591,"1892 Polling"
964,1528,0.4840277816147,0.5159722183853,0.944354215706929,"Abacus Data"
965,1952,0.52683780794348,0.47316219205652,1.08445680129795,"Franklin and Marshall College"
966,2519,0.578729181918167,0.421270818081833,0.903875493073749,"Mason-Dixon"
967,2474,0.541695805575759,0.458304194424241,1.08062278719503,"Noble Predictive Insights"
968,1752,0.537331931609991,0.462668068390009,0.873130931895842,"St. Pete Polls"
969,1379,0.596022999228998,0.403977000771002,0.983343090498316,"Outward Intelligence"
970,1595,0.443595269429896,0.556404730570104,1.11520229941812,"Data Orbital"
971,766,0.6090897459642,0.3909102540358,1.15121041773102,"Lord Ashcroft Polls"
972,1322,0.539800963738297,0.460199036261703,0.979375236748609,"Bullfinch"
973,2423,0.522294774210929,0.477705225789071,1.05049835003598,"Meredith College"
974,1960,0.571739476849026,0.428260523150974,1.0418063057283,"J.L. Partners"
975,2574,0.507349386247591,0.492650613752409,1.09111828013698,"U. Georgia SPIA"
976,663,0.502147304815033,0.497852695184967,0.88828943275339,"AtlasIntel"
977,1981,0.525020094949604,0.474979905050396,0.983597125029469,"High Point University"
978,2909,0.488027486649329,0.511972513350671,0.955477246081057,"Split Ticket"
979,1968,0.58095175360275,0.41904824639725,0.981507142878107,"John Zogby Strategies"
980,2086,0.541596827989519,0.458403172010481,1.12985227148202,"Quinnipiac"
981,1971,0.519226022766277,0.480773977233723,1.04557118283773,"Probolsky Research"
982,1019,0.523759936030524,0.476240063969476,1.07006090161567,"American Pulse"
983,750,0.5028640887105,0.4971359112895,0.895700472366899,"National Public Affairs"
984,1976,0.514024982451314,0.485975017548686,0.989384653994284,"Tarrance"
985,572,0.509901960284437,0.490098039715563,1.0907373907107,"Manhattan Institute"
986,533,0.495521442888093,0.504478557111907,1.0454857020146,"Franklin and Marshall College"
987,2137,0.520899841321352,0.479100158678648,0.983738100443013,"Rasmussen"
988,1496,0.568575157903002,0.431424842096998,0.996157825004419,"Blueprint Polling"
989,1573,0.543673290350536,0.456326709649464,1.03041228850987,"Z to A Research"
990,578,0.4185712903774,0.5814287096226,0.982525770654465,"Spry Strategies"
991,595,0.606598659513967,0.393401340486033,1.05685899448455,"KAConsulting LLC"
992,858,0.566795127036395,0.433204872963605,0.948833134468546,"Lord Ashcroft Polls"
993,1825,0.540625595272252,0.459374404727748,0.96921415843374,"Data for Progress"
994,858,0.527623961041756,0.472376038958244,1.08309494465948,"Public Opinion Strategies"
995,843,0.538527794093346,0.461472205906654,1.11823507533694,"Lake Research"
996,2347,0.506914222245721,0.493085777754279,0.980251438429727,"HarrisX"
997,973,0.551997588277178,0.448002411722822,0.979224688457448,"UMBC"
998,2820,0.520207915260795,0.479792084739205,0.930848975216258,"USC Dornsife/CSU Long Beach/Cal Poly Pomona"
999,2457,0.47566277145988,0.52433722854012,0.935175774445283,"The Political Matrix/The Listener Group"
1000,1759,0.563942848377162,0.436057151622838,1.03763275100064,"BK Strategies"
